{
  "assetsByChunkName": {
    "vendors~app-account~app-confirmation~app-order": "chunk.1c61ec5869c7007bb803.js",
    "vendors~app-account~app-checkout": "chunk.02b3ab8ede2950023864.js",
    "vendors~app-cart~app-checkout": "chunk.825ae6e77dd6e344f632.js",
    "admin": [
      "admin.3d90b8d453a8b92f7e78.js",
      "admin.3d90b8d453a8b92f7e78.js.map"
    ],
    "app-account": "chunk.0a9aeed8419803874788.js",
    "app-confirmation": "chunk.91f950ffec72850ea1d4.js",
    "app-order": "chunk.94b0ffca4f40bb093747.js",
    "checkout": [
      "checkout.f42e3c8fe45465329482.js",
      "checkout.f42e3c8fe45465329482.js.map"
    ],
    "storefront": [
      "storefront.048a99059816d94ed779.css",
      "storefront.313cd0b63ff8958a347c.js",
      "storefront.048a99059816d94ed779.css.map",
      "storefront.313cd0b63ff8958a347c.js.map"
    ],
    "vendors~app-cart": "chunk.412a1e80aab0205d9e3a.js",
    "vendors~app-checkout": "chunk.24383774d35e4f508033.js"
  }
}