{
  "pkg": "@ecomplus/widget-opinioes-verificadas",
  "active": true,
  "desktopOnly": false,
  "enableCheckout": false,
  "disablePages": true,
  "options": {
    "stamp": "",
    "tagJs": "<script charset=\"utf-8\" src=\"//cl.avis-verifies.com/br/cache/0/d/a/0da85a30-ec3f-a7e4-1d88-74da6634e6b3/AWS/PRODUCT_API/tag.min.js\"></script>"
  },
  "headAppend": "src/append/head",
  "bodyAppend": "src/append/body",
  "productCardSlots": "src/append/product-card-slots",
  "productSlots": "src/append/product-slots",
  "productDescriptionAppend": "src/append/product-block",
  "stampsAppend": "src/append/stamps",
  "useJquery": true
}