{
  "meta_title": "",
  "meta_description": "",
  "sections": [
    {
      "type": "banner-slider",
      "autoplay": 9000,
      "slides": [
        {
          "start": "",
          "end": "",
          "img": "/img/uploads/banner-site-01.png",
          "mobile_img": "/img/uploads/banner-site-01.png",
          "link": "https://www.ormizi.com/nina"
        },
        {
          "start": "",
          "end": "",
          "img": "/img/uploads/banner-site-02.png",
          "mobile_img": "/img/banner-site-02.png",
          "link": "https://www.ormizi.com/marshal"
        },
        {
          "start": "",
          "end": "",
          "img": "/img/uploads/banner-site-03.png",
          "mobile_img": "/img/uploads/banner-site-03.png",
          "link": "https://www.ormizi.com/gucci"
        }
      ]
    },
    {
      "type": "banners-grid",
      "banners": [
        {
          "img": "/img/uploads/01.png",
          "link": "https://www.ormizi.com/holbrook"
        },
        {
          "img": "/img/uploads/02.png",
          "link": "https://www.ormizi.com/aviador"
        }
      ]
    },
    {
      "type": "collection-shelf",
      "shuffle": true,
      "limit": 8,
      "page": 1,
      "title": "Mais Vendidos"
    },
    {
      "type": "collection-shelf",
      "shuffle": true,
      "limit": 8,
      "page": 1,
      "title": "Lançamentos"
    },
    {
      "type": "custom-html",
      "html": "[alpix]testimonials[/alpix]"
    }
  ]
}
